form_name,form_type,content,version,effective_date,image_url,document_url,is_favorite,parent_id,tags,id,created_date,updated_date,created_by_id,created_by,is_sample
"Record Release From Us to Other","General","<p><br></p><p class=""ql-align-center"">&nbsp;<strong>AUTHORIZATION TO RELEASE HEALTHCARE INFORMATION&nbsp;</strong></p><p class=""ql-align-center""><strong>FROM&nbsp;</strong></p><p class=""ql-align-center""><strong>RICHARD BLOY, M.D.&nbsp;</strong></p><p>Patient’s Name: ___________________________________________________________________________________________________&nbsp;</p><p>Previous Name: ___________________________________________________________________________________________________&nbsp;</p><p>Date of Birth: ____________________________________________________ Social Security Number: _____________________________&nbsp;</p><p class=""ql-align-center""><br></p><p class=""ql-align-center"">I request and authorize my Medical Records to be <em>released from&nbsp;</em></p><p class=""ql-align-center""><strong>CONTEMPORARY HEALTH CENTER&nbsp;</strong></p><p class=""ql-align-center""><strong>RICHARD BLOY, M.D.,&nbsp;</strong></p><p class=""ql-align-center""><strong>6150 DIAMOND CENTER COURT #400&nbsp;</strong></p><p class=""ql-align-center""><strong>FORT MYERS, FL 33912&nbsp;</strong></p><p class=""ql-align-center"">Phone: <strong>239-561-9191 </strong>Fax: <strong>239-561-9188&nbsp;</strong></p><p class=""ql-align-center""><em>and to be sent to:&nbsp;</em></p><p>Name:____________________________________________________________________________________________________________&nbsp;</p><p class=""ql-align-center""><em>Physician, Hospital or Practice Name&nbsp;</em></p><p>Phone: _________________________________________________________ Fax: _____________________________________________&nbsp;</p><p><br></p><p><strong>This request and authorization applies to:&nbsp;</strong></p><p> Option text here<strong>Current yearly visit including pap and mammogram results&nbsp;</strong></p><p> Option text here<strong>Healthcare information relating to the following treatment, condition, or dates: _____________________________________________________________&nbsp;</strong></p><p> Option text here<strong>All healthcare information&nbsp;</strong></p><p> Option text here<strong>Other: _______________________________________________________&nbsp;</strong></p><p><br></p><p><strong>Definition: </strong>Sexually Transmitted Disease (STD) as defined by law, RWC 70.24 et seq., includes herpes, herpes simplex, human papilloma virus, wart, genital wart, condyloma, chlamydia, non-specific urethritis, syphilis, VDRL, chancroid, lymphogranuloma, venereuem, HIV (Human immunodeficiency Virus), AIDS (Acquired Immunodeficiency Syndrome), and gonorrhea.&nbsp;</p><p><br></p><p class=""ql-indent-1"">I authorize the release of my STD results, HIV/AIDS testing, whether negative or positive, to the person(s) listed above. I understand the 		          person(s) listed above will be notified that I must give specific written permission before the disclosure of these test results to anyone.&nbsp;</p><p><br></p><p class=""ql-indent-1"">I authorize the release of any of my records regarding drug, alcohol, or mental health treatment to the person (s) listed above.&nbsp;</p><p><br></p><p>PATIENT SIGNATURE: _____________________________________________________ DATE SIGNED:____________________________</p><p><br></p><p class=""ql-align-center""><br></p><p class=""ql-align-center"">&nbsp;<strong>***THIS AUTHORIZATION EXPIRES 90 DAYS AFTER IT IS SIGNED&nbsp;</strong></p>","","2026-01-04","","","false","","","695aeb33df1880583127d640","2026-01-04T22:35:31.950000","2026-01-05T00:06:58.373000","695939a556b8082002a35a69","renukajackson1@gmail.com","false"
"General Treatment Consent and Acknowledgment","General","I hereby consent to medical treatment and procedures performed by the healthcare providers at Contemporary Health Center.

I acknowledge that:

1. TREATMENT INFORMATION: My healthcare provider has explained my condition, the recommended treatment, potential benefits, risks, and alternative options.

2. NO GUARANTEES: I understand that the practice of medicine is not an exact science and that no guarantees have been made regarding the outcome of treatments or procedures.

3. QUESTIONS: I have been given the opportunity to ask questions and all my questions have been answered satisfactorily.

4. CHANGES IN TREATMENT: I understand that during the course of treatment, unforeseen conditions may necessitate additional or different procedures than originally planned.

5. MEDICAL HISTORY: I have provided accurate and complete information about my medical history, current medications, and allergies.

6. FOLLOW-UP CARE: I agree to follow all instructions provided and attend all recommended follow-up appointments.

7. FINANCIAL RESPONSIBILITY: I understand that I am financially responsible for all charges related to my care.

By signing below, I acknowledge that I have read, understand, and agree to this consent form.","3.0","2025-01-01","","","false","","","695953c738b9830858e50ff4","2026-01-03T17:37:11.561000","2026-01-03T17:37:11.561000","695939a556b8082002a35a69","renukajackson1@gmail.com","false"
"Hormone Replacement Therapy Consent","Treatment","I understand that hormone replacement therapy (HRT) is a medical treatment designed to supplement or replace hormones that my body no longer produces in adequate amounts. I have been informed of the potential benefits, risks, and alternatives to this treatment.

Potential Benefits:
- Relief from symptoms of hormonal imbalance
- Improved energy and mood
- Enhanced quality of life
- Better bone density
- Improved sexual function

Potential Risks:
- Blood clots
- Stroke
- Heart disease
- Breast cancer (in some cases)
- Mood changes
- Weight gain
- Acne or skin reactions

I understand that:
- Regular monitoring and blood tests are required
- Individual results may vary
- Treatment may need to be adjusted over time
- I should report any side effects immediately
- I can discontinue treatment at any time

I have had the opportunity to ask questions and have received satisfactory answers. I consent to hormone replacement therapy as prescribed by my healthcare provider.","2.1","2025-01-01","","","true","","","695953c738b9830858e50ff2","2026-01-03T17:37:11.561000","2026-01-03T17:37:11.561000","695939a556b8082002a35a69","renukajackson1@gmail.com","false"
"Laser Treatment Consent Form","Procedure","I consent to undergo laser treatment as recommended by my healthcare provider. I understand the nature of the procedure, its purpose, and potential outcomes.

Procedure Description:
The laser treatment uses focused light energy to treat the designated area. The procedure may cause temporary discomfort, redness, or swelling.

Potential Benefits:
- Improved skin texture and appearance
- Enhanced function of treated area
- Non-invasive or minimally invasive treatment
- Little to no downtime

Potential Risks and Complications:
- Temporary redness, swelling, or bruising
- Skin discoloration (hyperpigmentation or hypopigmentation)
- Scarring (rare)
- Burns or blisters
- Infection
- Unsatisfactory results requiring additional treatments

I agree to:
- Follow all pre-treatment and post-treatment instructions
- Disclose all medications and medical conditions
- Attend all follow-up appointments
- Report any unusual symptoms immediately

I understand that results may vary and multiple treatments may be necessary for optimal outcomes. I have been given the opportunity to ask questions and all my questions have been answered to my satisfaction.","1.5","2025-06-01","","","true","","","695953c738b9830858e50ff3","2026-01-03T17:37:11.561000","2026-01-03T17:37:11.561000","695939a556b8082002a35a69","renukajackson1@gmail.com","false"
"HIPAA Privacy Notice Acknowledgment","HIPAA","NOTICE OF PRIVACY PRACTICES ACKNOWLEDGMENT

Contemporary Health Center is committed to protecting your health information. This notice describes how medical information about you may be used and disclosed and how you can access this information.

YOUR RIGHTS:
- Right to inspect and copy your health information
- Right to request amendments to your health record
- Right to request restrictions on uses and disclosures
- Right to request confidential communications
- Right to receive an accounting of disclosures
- Right to a paper copy of this notice

OUR RESPONSIBILITIES:
- We are required by law to maintain the privacy of your health information
- We will notify you if a breach occurs that may have compromised your information
- We will not use or share your information except as described in this notice

HOW WE MAY USE YOUR INFORMATION:
- For treatment purposes
- For payment purposes
- For healthcare operations
- As required by law
- For public health and safety
- With your written authorization for other purposes

You have the right to file a complaint if you believe your privacy rights have been violated. Complaints should be submitted in writing to our Privacy Officer.

For a complete copy of our Privacy Practices, please request one at the front desk or visit our website.

I acknowledge that I have received the Notice of Privacy Practices.","4.2","2024-01-01","","","false","","","695953c738b9830858e50ff5","2026-01-03T17:37:11.561000","2026-01-03T17:37:11.561000","695939a556b8082002a35a69","renukajackson1@gmail.com","false"
"General Medical Treatment Consent","General","CONSENT FOR MEDICAL TREATMENT

I, the undersigned, hereby consent to medical treatment and procedures as deemed necessary by the healthcare providers at this medical practice.

I understand that:

1. The practice of medicine is not an exact science and I acknowledge that no guarantees have been made to me regarding the results of treatments or examinations.

2. I consent to the performance of medical procedures, treatments, and diagnostic tests as ordered by my physician or healthcare provider.

3. I understand that my medical records may be reviewed by other healthcare professionals involved in my care.

4. I have the right to refuse any treatment, medication, or procedure, and to be informed of the medical consequences of such refusal.

5. I understand that I may revoke this consent at any time by notifying my healthcare provider in writing.

6. I have been given the opportunity to ask questions about my treatment and those questions have been answered to my satisfaction.

7. I consent to the administration of medications, anesthetics, and other treatments as prescribed.

8. In case of emergency, I authorize the healthcare providers to provide such treatment as may be necessary to preserve my life and health.

By signing below, I acknowledge that I have read and understood this consent form and have had the opportunity to ask questions.

I voluntarily consent to medical treatment at this facility.","2024.1","2024-01-01","","","","","","69593d53c98b3add2b7ee779","2026-01-03T16:01:23.420000","2026-01-03T16:01:23.420000","695939a556b8082002a35a69","renukajackson1@gmail.com","false"
"Hormone Replacement Therapy Consent","Treatment","HORMONE REPLACEMENT THERAPY (HRT) INFORMED CONSENT

I, the undersigned, hereby consent to receive Hormone Replacement Therapy as prescribed by my healthcare provider.

I understand that HRT involves:
• Administration of hormones (estrogen, progesterone, testosterone, or combinations thereof)
• Regular monitoring through blood tests and clinical evaluations
• Potential need for dosage adjustments

BENEFITS OF HRT:
My healthcare provider has explained that potential benefits may include:
• Relief from menopausal symptoms (hot flashes, night sweats, mood changes)
• Improved bone density
• Enhanced sexual function and libido
• Improved energy and overall quality of life
• Better sleep quality

RISKS AND SIDE EFFECTS:
I understand that HRT may involve the following risks:
• Blood clots (deep vein thrombosis, pulmonary embolism)
• Increased risk of certain cancers with long-term use
• Cardiovascular events (stroke, heart attack)
• Gallbladder disease
• Breast tenderness
• Mood changes
• Weight changes
• Headaches
• Nausea

CONTRAINDICATIONS:
I have disclosed to my healthcare provider any history of:
• Blood clots or clotting disorders
• Breast cancer or estrogen-dependent cancers
• Liver disease
• Undiagnosed vaginal bleeding
• Heart disease or stroke
• Pregnancy or breastfeeding

ALTERNATIVES:
I understand that alternatives to HRT include:
• Lifestyle modifications (diet, exercise, stress management)
• Non-hormonal medications
• Complementary therapies
• No treatment

MONITORING:
I agree to:
• Regular follow-up appointments
• Periodic blood tests as recommended
• Annual physical examinations
• Mammograms and other cancer screenings as appropriate
• Report any concerning symptoms immediately

I acknowledge that:
• HRT is not appropriate for everyone
• Individual response to HRT varies
• Treatment may need to be adjusted or discontinued
• I may stop treatment at any time by notifying my provider
• The long-term effects of bioidentical hormones are not fully known

By signing below, I certify that:
• I have read and understand this consent form
• My questions have been answered
• I voluntarily consent to HRT treatment
• I will follow all treatment recommendations","2024.2","2024-01-01","","","","","","69593d53c98b3add2b7ee77a","2026-01-03T16:01:23.420000","2026-01-03T16:01:23.420000","695939a556b8082002a35a69","renukajackson1@gmail.com","false"