category,title,header,summary,content,image_url,medical_references,last_reviewed,is_favorite,version,parent_id,change_summary,id,created_date,updated_date,created_by_id,created_by,is_sample
"Gynecology","Pelvic Floor Exercises","","Education on the pelvic floor in women and what kind of exercises and resources are available. ","<h3>Overview</h3><ul><li><strong>Pelvic floor exercises</strong> strengthen muscles supporting pelvic organs like the bladder, uterus, and rectum.</li><li>Also known as <strong>Kegel exercises</strong>, they involve contracting and relaxing pelvic muscles.</li><li>Regular practice can improve bladder control and support pelvic structures.</li><li>Beneficial for both men and women experiencing urinary incontinence or pelvic discomfort.</li><li>Can enhance sexual health by improving muscle tone and blood flow.</li></ul><h3>Key Benefits</h3><ul><li><strong>Improved bladder control</strong> reduces urinary leakage during activities like coughing or sneezing.</li><li><strong>Enhanced pelvic support</strong> helps prevent prolapse of pelvic organs.</li><li><strong>Increased sexual satisfaction</strong> through better muscle tone and blood flow.</li><li><strong>Reduced pelvic pain</strong> by releasing muscle tension and spasms.</li><li><strong>Support during pregnancy</strong> aids in labor and recovery post-childbirth.</li><li><strong>Improved bowel control</strong> helps manage fecal incontinence.</li><li><strong>Enhanced core stability</strong> contributes to overall posture and balance.</li></ul><h3>What to Expect</h3><ul><li><strong>Identifying the right muscles</strong> involves stopping urine flow midstream or tightening muscles to prevent gas passage.</li><li><strong>Performing exercises</strong> entails contracting pelvic muscles for 3-6 seconds, then relaxing for an equal duration.</li><li><strong>Frequency</strong> recommends at least three sets of 10 repetitions daily, spread throughout the day.</li><li><strong>Consistency</strong> is crucial; improvements may take several weeks to become noticeable.</li><li><strong>Discreetness</strong> exercises can be done anywhere—sitting, standing, or lying down—without anyone noticing.</li></ul><h3>Important Considerations</h3><ul><li><strong>Avoid using abdominal, buttock, or thigh muscles</strong> during exercises to ensure effectiveness.</li><li><strong>Do not perform exercises while urinating</strong> to prevent incomplete bladder emptying and reduce infection risk.</li><li><strong>Be patient</strong> as results may take several weeks; consistency is key to success.</li><li><strong>Consult a healthcare provider</strong> if experiencing pain, difficulty identifying muscles, or if exercises are ineffective.</li><li><strong>Incorporate exercises into daily routines</strong> by associating them with regular activities like sitting down or standing up.</li></ul><h3>Common Questions</h3><ul><li><strong>How long before I see results?</strong> Improvements may take several weeks; consistency is essential.</li><li><strong>Can I do these exercises during pregnancy?</strong> Yes, pelvic floor exercises are safe and beneficial during pregnancy.</li><li><strong>Is it normal to feel discomfort?</strong> Mild discomfort is common; however, significant pain should be discussed with a healthcare provider.</li><li><strong>Can men benefit from these exercises?</strong> Yes, men can experience benefits like improved bladder control and sexual health.</li><li><strong>How do I know I'm doing them correctly?</strong> Ensure you're not contracting other muscles; if unsure, consult a healthcare provider.</li><li><strong>Medical References:</strong>Mayo Clinic</li><li>American College of Obstetrics and Gynecology</li><li>MedlinePlus</li></ul>","","","2026-01-28","false","1.0","","Initial version","697a1b624571526e0718faa8","2026-01-28T14:21:22.515000","2026-01-28T14:21:22.515000","695939a556b8082002a35a69","renukajackson1@gmail.com","false"
"Nutrition & Weight Loss","Mediterranean Diet","","Everything you need to know about the Mediterranean Diet and why it is so effective. ","<h3>Overview</h3><ul><li><strong>Plant-Based Focus:</strong> Emphasizes fruits, vegetables, whole grains, legumes, and nuts.</li><li><strong>Healthy Fats:</strong> Utilizes olive oil as the primary fat source, rich in monounsaturated fats.</li><li><strong>Lean Proteins:</strong> Incorporates moderate amounts of fish, poultry, and dairy products.</li><li><strong>Limited Red Meat:</strong> Reduces consumption of red and processed meats.</li><li><strong>Herbs and Spices:</strong> Uses herbs and spices for flavoring instead of salt.</li></ul><h3>Key Benefits</h3><ul><li><strong>Heart Health:</strong> Associated with reduced risk of heart disease and stroke.</li><li><strong>Weight Management:</strong> May aid in weight loss and maintenance.</li><li><strong>Diabetes Control:</strong> Helps in managing blood sugar levels.</li><li><strong>Cancer Prevention:</strong> Linked to lower incidence of certain cancers.</li><li><strong>Brain Health:</strong> Supports cognitive function and may reduce Alzheimer's risk.</li><li><strong>Longevity:</strong> Associated with increased life expectancy.</li><li><strong>Improved Mood:</strong> May reduce symptoms of depression and anxiety.</li></ul><h3>What to Expect</h3><ul><li><strong>Gradual Dietary Changes:</strong> Transitioning to a Mediterranean diet may take time and planning.</li><li><strong>Increased Meal Preparation:</strong> Encourages cooking at home with fresh ingredients.</li><li><strong>Social Eating:</strong> Promotes sharing meals with family and friends.</li><li><strong>Regular Physical Activity:</strong> Often accompanies the diet for overall health benefits.</li><li><strong>Moderate Alcohol Consumption:</strong> If desired, includes moderate wine intake with meals.</li></ul><h3>Important Considerations</h3><ul><li><strong>Allergies:</strong> Be cautious of potential allergies to nuts, seeds, or seafood.</li><li><strong>Caloric Intake:</strong> Monitor portion sizes to maintain or achieve desired weight.</li><li><strong>Alcohol Intake:</strong> Limit wine consumption to recommended amounts to avoid adverse effects.</li><li><strong>Medical Conditions:</strong> Consult with a healthcare provider before making significant dietary changes, especially if you have existing health conditions.</li><li><strong>Food Availability:</strong> Ensure access to fresh, quality ingredients to fully benefit from the diet.</li></ul><h3>Common Questions</h3><ul><li><strong>Is the Mediterranean diet suitable for vegetarians?</strong> Yes, it can be adapted to vegetarian preferences by focusing on plant-based foods and legumes.</li><li><strong>Can I eat pasta on the Mediterranean diet?</strong> Yes, but choose whole-grain pasta and consume it in moderation.</li><li><strong>Is olive oil the only fat source allowed?</strong> While olive oil is primary, other healthy fats like nuts and seeds are also included.</li><li><strong>How much fish should I eat weekly?</strong> Aim for at least two servings of fish per week, focusing on fatty fish rich in omega-3 fatty acids.</li><li><strong>Can I drink wine on the Mediterranean diet?</strong> Yes, in moderation—up to one glass per day for women and two for men, if desired.</li></ul><p>Medical references: - Mayo Clinic - Kaiser Permanente - MedlinePlus</p>","","","2026-01-24","false","1.0","","Initial version","6975157720e4d67674aed641","2026-01-24T18:54:47.508000","2026-01-24T18:54:47.508000","695939a556b8082002a35a69","renukajackson1@gmail.com","false"
"Nutrition & Weight Loss","Mediterranean Diet","","Everything you need to know about the Mediterranean Diet and why it is so effective. ","<h3>Overview</h3><ul><li><strong>Plant-Based Focus:</strong> Emphasizes fruits, vegetables, whole grains, legumes, and nuts.</li><li><strong>Healthy Fats:</strong> Utilizes olive oil as the primary fat source, rich in monounsaturated fats.</li><li><strong>Lean Proteins:</strong> Incorporates moderate amounts of fish, poultry, and dairy products.</li><li><strong>Limited Red Meat:</strong> Reduces consumption of red and processed meats.</li><li><strong>Herbs and Spices:</strong> Uses herbs and spices for flavoring instead of salt.</li></ul><h3>Key Benefits</h3><ul><li><strong>Heart Health:</strong> Associated with reduced risk of heart disease and stroke.</li><li><strong>Weight Management:</strong> May aid in weight loss and maintenance.</li><li><strong>Diabetes Control:</strong> Helps in managing blood sugar levels.</li><li><strong>Cancer Prevention:</strong> Linked to lower incidence of certain cancers.</li><li><strong>Brain Health:</strong> Supports cognitive function and may reduce Alzheimer's risk.</li><li><strong>Longevity:</strong> Associated with increased life expectancy.</li><li><strong>Improved Mood:</strong> May reduce symptoms of depression and anxiety.</li></ul><h3>What to Expect</h3><ul><li><strong>Gradual Dietary Changes:</strong> Transitioning to a Mediterranean diet may take time and planning.</li><li><strong>Increased Meal Preparation:</strong> Encourages cooking at home with fresh ingredients.</li><li><strong>Social Eating:</strong> Promotes sharing meals with family and friends.</li><li><strong>Regular Physical Activity:</strong> Often accompanies the diet for overall health benefits.</li><li><strong>Moderate Alcohol Consumption:</strong> If desired, includes moderate wine intake with meals.</li></ul><h3>Important Considerations</h3><ul><li><strong>Allergies:</strong> Be cautious of potential allergies to nuts, seeds, or seafood.</li><li><strong>Caloric Intake:</strong> Monitor portion sizes to maintain or achieve desired weight.</li><li><strong>Alcohol Intake:</strong> Limit wine consumption to recommended amounts to avoid adverse effects.</li><li><strong>Medical Conditions:</strong> Consult with a healthcare provider before making significant dietary changes, especially if you have existing health conditions.</li><li><strong>Food Availability:</strong> Ensure access to fresh, quality ingredients to fully benefit from the diet.</li></ul><h3>Common Questions</h3><ul><li><strong>Is the Mediterranean diet suitable for vegetarians?</strong> Yes, it can be adapted to vegetarian preferences by focusing on plant-based foods and legumes.</li><li><strong>Can I eat pasta on the Mediterranean diet?</strong> Yes, but choose whole-grain pasta and consume it in moderation.</li><li><strong>Is olive oil the only fat source allowed?</strong> While olive oil is primary, other healthy fats like nuts and seeds are also included.</li><li><strong>How much fish should I eat weekly?</strong> Aim for at least two servings of fish per week, focusing on fatty fish rich in omega-3 fatty acids.</li><li><strong>Can I drink wine on the Mediterranean diet?</strong> Yes, in moderation—up to one glass per day for women and two for men, if desired.</li></ul><p>Medical references: - Mayo Clinic - Kaiser Permanente - MedlinePlus</p>","","","2026-01-24","false","1.0","","Initial version","697515354876916ec4cd5764","2026-01-24T18:53:41.776000","2026-01-24T18:53:41.776000","695939a556b8082002a35a69","renukajackson1@gmail.com","false"
"Gynecology","Bacterial Vaginitis ","","Information about BV, what it is, how do you get BV, how is it treated and how can you prevent it.","<h3>Overview</h3><ul><li><strong>Bacterial vaginosis (BV)</strong> is the most common vaginal infection among women of reproductive age.</li><li>BV occurs when there's an imbalance in the normal bacteria of the vagina, leading to an overgrowth of harmful bacteria.</li><li>Common symptoms include a grayish-white, foul-smelling discharge, often described as fishy, especially after sex.</li><li>Some women may not experience any symptoms, making regular gynecological check-ups important for early detection.</li><li>If left untreated, BV can increase the risk of other infections, including sexually transmitted infections (STIs) and complications during pregnancy.</li></ul><h3>Key Benefits</h3><ul><li><strong>Effective Treatment</strong>: BV can be effectively treated with antibiotics prescribed by a healthcare provider.</li><li><strong>Symptom Relief</strong>: Treatment typically leads to a reduction or elimination of symptoms like unusual discharge and odor.</li><li><strong>Prevention of Complications</strong>: Proper treatment reduces the risk of developing more serious health issues, such as pelvic inflammatory disease or complications during pregnancy.</li><li><strong>Improved Quality of Life</strong>: Addressing BV can alleviate discomfort and improve overall well-being.</li><li><strong>Reduced Risk of Transmission</strong>: Treating BV can lower the risk of transmitting or acquiring other STIs.</li><li><strong>Enhanced Sexual Health</strong>: Maintaining vaginal health supports a more comfortable and satisfying sexual experience.</li><li><strong>Empowerment Through Knowledge</strong>: Understanding BV empowers women to take proactive steps in their health care.</li></ul><h3>What to Expect</h3><ul><li><strong>Diagnosis</strong>: A healthcare provider will perform a pelvic exam and may collect a sample of vaginal discharge for laboratory testing to confirm BV.</li><li><strong>Treatment</strong>: BV is typically treated with antibiotics, which may be in the form of pills, gels, or creams applied directly to the vagina.</li><li><strong>Symptom Improvement</strong>: Most women experience relief from symptoms within a few days after starting treatment.</li><li><strong>Follow-Up</strong>: It's important to complete the full course of antibiotics as prescribed, even if symptoms resolve earlier, to ensure complete eradication of the infection.</li><li><strong>Recurrence</strong>: BV can recur after treatment; if symptoms return, consult your healthcare provider for further evaluation and management.</li><li><strong>Partner Consideration</strong>: In most cases, male partners do not require treatment, but it's advisable to discuss with your healthcare provider. For recurrent BV, we do recommend that your partner also get treated. </li><li><strong>Prevention</strong>: Adopting good hygiene practices and safe sex behaviors can help prevent future episodes of BV.</li></ul><h3>Important Considerations</h3><ul><li><strong>Avoid Douching</strong>: Douching can disrupt the natural balance of bacteria in the vagina and increase the risk of BV.</li><li><strong>Safe Sex Practices</strong>: Using condoms and limiting the number of sexual partners can reduce the risk of BV and other STIs.</li><li><strong>Hygiene Products</strong>: Avoid using scented tampons, pads, douches, and soaps, as they can irritate the vaginal area.</li><li><strong>Regular Check-Ups</strong>: Routine gynecological exams can help detect BV and other health issues early, even if you have no symptoms.</li><li><strong>Antibiotic Use</strong>: Use antibiotics only as prescribed to prevent disrupting the normal vaginal flora.</li><li><strong>Pregnancy Considerations</strong>: If you're pregnant, inform your healthcare provider, as BV can increase the risk of premature delivery.</li></ul><h3>Common Questions</h3><ul><li><strong>Can BV be prevented?</strong> Yes, by practicing good hygiene, avoiding douching, and using condoms during sex.</li><li><strong>Is BV contagious?</strong> BV is not considered a sexually transmitted infection, but sexual activity can increase the risk of developing it.</li><li><strong>Can BV go away on its own?</strong> While some cases may resolve without treatment, it's advisable to seek medical attention to prevent complications.</li><li><strong>How can I tell if I have BV?</strong> Common signs include unusual vaginal discharge with a strong odor, itching, or burning during urination. Consult a healthcare provider for diagnosis.</li><li><strong>Is BV serious?</strong> If left untreated, BV can lead to more serious health issues, including increased risk of STIs and complications during pregnancy.</li></ul><p><strong>Summary:</strong>Bacterial vaginosis (BV) is a common vaginal infection resulting from an imbalance in the normal bacteria of the vagina. It can cause symptoms like unusual discharge and odor, but some women may not experience any symptoms. Treatment typically involves antibiotics, and maintaining good hygiene practices can help prevent recurrence.</p><ul><li><strong>Medical References:</strong>Mayo Clinic</li><li>American College of Obstetrics and Gynecology</li><li>Medscape</li></ul>","","","2026-01-24","false","1.0","","Initial version","69751496967128dc915f889b","2026-01-24T18:51:02.107000","2026-01-24T18:51:02.107000","695939a556b8082002a35a69","renukajackson1@gmail.com","false"
"Medication Education","Cipro","","Patient medication education ","<h3>Overview</h3><ul><li><strong>Cipro (ciprofloxacin)</strong> is an antibiotic used to treat various bacterial infections.</li><li><strong>Belongs to the fluoroquinolone class</strong> of antibiotics.</li><li><strong>Effective against a wide range of bacteria</strong>, including those causing urinary tract infections, respiratory infections, and skin infections.</li><li><strong>Not effective against viral infections</strong> like the common cold or flu.</li><li><strong>Available in oral and intravenous forms</strong>.</li></ul><h3>Key Benefits</h3><ul><li><strong>Treats a broad spectrum of bacterial infections</strong>.</li><li><strong>Rapidly absorbed</strong> when taken orally, leading to quick therapeutic effects.</li><li><strong>Can be used in outpatient settings</strong>, reducing the need for hospitalization.</li><li><strong>Generally well-tolerated</strong> with a manageable side effect profile.</li><li><strong>Available in generic form</strong>, making it cost-effective.</li><li><strong>Can be combined with other antibiotics</strong> for synergistic effects in severe infections.</li><li><strong>Has a long shelf life</strong>, facilitating stockpiling for emergency situations.</li></ul><h3>What to Expect</h3><ul><li><strong>Dosage</strong> is typically 250-750 mg, depending on the infection type and severity.</li><li><strong>May be taken with or without food</strong>; however, taking it with food can reduce stomach upset.</li><li><strong>Complete the full course</strong> as prescribed, even if symptoms improve earlier.</li><li><strong>Common side effects</strong> include nausea, diarrhea, and headache.</li><li><strong>Serious side effects</strong> may include tendon pain, nerve damage, and severe allergic reactions.</li></ul><h3>Important Considerations</h3><ul><li><strong>Avoid taking with antacids</strong> containing magnesium or aluminum within 2 hours of dosing.</li><li><strong>Limit sun exposure</strong> during treatment, as Cipro can increase sensitivity to sunlight.</li><li><strong>Monitor for tendon pain</strong>; discontinue use if pain, swelling, or inflammation occurs.</li><li><strong>Not recommended for children under 18</strong> unless prescribed for specific conditions like inhalational anthrax.</li><li><strong>Use caution in older adults</strong>, as they may be at higher risk for tendon issues and other side effects.</li><li><strong>Inform your healthcare provider</strong> of all medications and supplements to avoid potential interactions.</li></ul><h3>Common Questions</h3><ul><li><strong>Can I drink alcohol while taking Cipro?</strong> It is advisable to avoid alcohol, as it can increase the risk of side effects like dizziness and drowsiness.</li><li><strong>What should I do if I miss a dose?</strong> Take it as soon as you remember, but skip it if it's almost time for your next dose; do not double up.</li><li><strong>Is it safe to take Cipro during pregnancy?</strong> Safety during pregnancy has not been established; consult your healthcare provider before use.</li><li><strong>Can I take Cipro with dairy products?</strong> Avoid taking Cipro with dairy products alone; however, it can be taken with meals containing calcium.</li><li><strong>How should I store Cipro?</strong> Store at room temperature, away from moisture and heat, and keep out of reach of children.</li></ul><h3>Medical References</h3><ul><li>Mayo Clinic</li><li>American College of Obstetrics and Gynecology</li><li>Medscape</li></ul>","","","2026-01-24","false","1.0","","Initial version","6975130ffd662b1dd11c55b0","2026-01-24T18:44:31.056000","2026-01-24T18:44:31.056000","695939a556b8082002a35a69","renukajackson1@gmail.com","false"
"Gynecology","Understanding Endometriosis","","A comprehensive guide to endometriosis, its symptoms, diagnosis, and treatment options.","<p>Endometriosis is a condition where tissue similar to the lining of the uterus grows outside the uterus. This tissue can be found on the ovaries, fallopian tubes, and other pelvic structures.</p><p>Symptoms: </p><p>- Painful periods (dysmenorrhea) </p><p>- Pain during intercourse </p><p>- Pain with bowel movements or urination </p><p>- Excessive bleeding </p><p>- Infertility </p><p>- Fatigue, diarrhea, constipation, bloating, or nausea</p><p><br></p><p>Diagnosis: Diagnosis typically involves a pelvic exam, ultrasound, MRI, or laparoscopy. Your healthcare provider will discuss the best diagnostic approach for your situation. Treatment Options: 1. Pain medication: Over-the-counter pain relievers 2. Hormone therapy: Birth control pills, GnRH agonists 3. Conservative surgery: Laparoscopic removal of endometriosis 4. Hysterectomy: In severe cases Lifestyle Management: - Regular exercise - Stress management techniques - Dietary modifications - Heat therapy for pain relief</p>","","American College of Obstetricians and Gynecologists (ACOG)
Medscape: Endometriosis Clinical Reference
The Endometriosis Foundation of America","2024-12-01","false","1.2000000000000002","697504c01f1ae60783164118","Content updated","69750839a963171ec069ec5f","2026-01-24T17:58:17.757000","2026-01-24T17:58:17.757000","695939a556b8082002a35a69","renukajackson1@gmail.com","false"
"Mens Health","Erectile Dysfunction: Causes and Treatment Options","","Understanding erectile dysfunction and the various treatment approaches available.","<p>Erectile dysfunction (ED) is the inability to achieve or maintain an erection sufficient for satisfactory sexual performance. It affects millions of men and becomes more common with age, though it can occur at any age. </p><h3><u>Common Causes of ED: </u></h3><p>1. Physical Causes: </p><h4>	- Low testosterone levels </h4><h4>	- Poor blood circulation </h4><h4>	- Diabetes - High blood pressure </h4><h4>	- Heart disease - Obesity </h4><h4>	- Certain medications </h4><h4>	- Neurological conditions </h4><p>2. Psychological Causes: </p><h4>	- Stress and anxiety </h4><h4>	- Depression </h4><h4>	- Relationship problems </h4><h4>	- Performance anxiety </h4><p>3. Lifestyle Factors: </p><h4>	- Smoking </h4><h4>	- Excessive alcohol consumption </h4><h4>	- Lack of exercise </h4><h4>	- Poor diet </h4><h3>Diagnostic Approach: </h3><h4>A comprehensive evaluation includes: </h4><h4>- Medical history review </h4><h4>- Physical examination </h4><h4>- Blood tests (testosterone, cholesterol, blood sugar) </h4><h4>- Cardiovascular assessment </h4><h3>Treatment Options: </h3><p>1. Testosterone Replacement Therapy - If low testosterone is the cause, TRT can significantly improve erectile function along with other symptoms. </p><p>2. Oral Medications - PDE5 inhibitors like Viagra, Cialis, or Levitra can improve blood flow to achieve erections. </p><p>3. Lifestyle Modifications: - Weight loss - Regular exercise - Smoking cessation - Stress reduction - Improved sleep habits </p><p>4. Advanced Treatments: - Peptide therapy - Penile injections - Vacuum devices - Platelet-rich plasma (PRP) therapy The good news is that ED is highly treatable.</p><p>Most men see significant improvement with appropriate treatment. It's important to address ED not just for sexual health, but because it can be an early warning sign of cardiovascular disease. Don't suffer in silence - speak with your healthcare provider about treatment options that can restore your confidence and quality of life.</p>","","American Urological Association, Journal of Sexual Medicine, Mayo Clinic, Cleveland Clinic","2026-01-03","false","","","","6959545a81309ba9100b69fb","2026-01-03T17:39:38.246000","2026-01-24T18:26:17.903000","695939a556b8082002a35a69","renukajackson1@gmail.com","false"
"Hormone Replacement Therapy","Signs You May Need Hormone Replacement Therapy","","Recognize the symptoms of hormonal imbalance and when to consider hormone replacement therapy.","Hormones are chemical messengers that regulate virtually every function in your body. When hormone levels decline or become imbalanced, it can significantly impact your quality of life.

Common Signs of Hormone Imbalance:

For Women:
- Hot flashes and night sweats
- Irregular or absent periods
- Mood swings and irritability
- Depression or anxiety
- Difficulty sleeping
- Weight gain, especially around the abdomen
- Loss of muscle tone
- Decreased sex drive
- Vaginal dryness
- Brain fog and memory problems
- Thinning hair
- Dry skin
- Fatigue despite adequate rest

For Men:
- Low energy and chronic fatigue
- Decreased muscle mass and strength
- Increased body fat, especially belly fat
- Reduced libido
- Erectile dysfunction
- Mood changes and irritability
- Depression
- Difficulty concentrating
- Poor sleep quality
- Loss of bone density
- Decreased motivation

When to Consider HRT:
If you're experiencing multiple symptoms that interfere with your daily life and quality of life, it may be time to have your hormone levels checked.

The Evaluation Process:
1. Comprehensive consultation to discuss symptoms and medical history
2. Blood tests to measure hormone levels (testosterone, estrogen, progesterone, thyroid, cortisol, etc.)
3. Review of results and personalized treatment plan
4. Regular monitoring to ensure optimal results

Who is a Good Candidate:
- Men and women experiencing symptoms of hormone decline
- Post-menopausal women
- Men over 35 with low testosterone
- Those who have tried other treatments without success
- Anyone seeking to optimize their health and vitality

Bioidentical hormone replacement therapy can help restore your hormone levels to optimal ranges, alleviating symptoms and helping you feel like yourself again. The key is working with an experienced provider who can customize treatment to your specific needs.","","North American Menopause Society, The Endocrine Society, American Association of Clinical Endocrinologists","2026-01-03","true","","","","6959545a81309ba9100b69fc","2026-01-03T17:39:38.246000","2026-01-03T17:39:38.246000","695939a556b8082002a35a69","renukajackson1@gmail.com","false"
"Gynecology","Functional Medicine Approach to Women's Health","","Understanding how functional medicine addresses the root causes of women's health issues.","Functional medicine takes a whole-body, personalized approach to women's health care. Rather than simply treating symptoms with medications, functional medicine focuses on identifying and addressing the underlying root causes of health problems.

Key Principles of Functional Medicine:

1. Patient-Centered Care - Your unique health history, genetics, lifestyle, and environment are all considered in developing your treatment plan.

2. Root Cause Analysis - Instead of masking symptoms, we investigate the underlying biochemical, hormonal, and lifestyle factors contributing to your health issues.

3. Integrative Approach - Combines conventional medicine with evidence-based natural therapies, nutrition, lifestyle modifications, and advanced treatments.

Common Women's Health Issues Addressed:
- Hormonal imbalances and PMS
- Menopause symptoms
- PCOS (Polycystic Ovary Syndrome)
- Endometriosis
- Thyroid disorders
- Chronic fatigue
- Weight management challenges
- Mood and sleep disturbances

Functional Medicine Tools:
- Comprehensive hormone testing
- Nutritional assessments
- Gut health evaluation
- Stress and lifestyle analysis
- Advanced lab work to identify deficiencies

Treatment Approaches:
- Bioidentical hormone replacement therapy
- Nutritional supplementation
- Dietary modifications
- Stress management techniques
- Exercise and lifestyle optimization
- Targeted medications when necessary

The goal is to restore optimal function and help you achieve lasting wellness, not just temporary symptom relief.","","Institute for Functional Medicine, Cleveland Clinic Center for Functional Medicine, Functional Medicine Journal","2026-01-03","false","","","","6959545a81309ba9100b69fa","2026-01-03T17:39:38.246000","2026-01-03T17:39:38.246000","695939a556b8082002a35a69","renukajackson1@gmail.com","false"
"Medication Education","Understanding IV Wellness Infusion Therapy","","Discover how IV vitamin and nutrient infusions can boost energy, immunity, and overall wellness.","IV Wellness Infusion Therapy delivers vitamins, minerals, and nutrients directly into your bloodstream, bypassing the digestive system for maximum absorption and immediate benefits.

Common IV Infusion Types:

1. Myers Cocktail - The classic wellness infusion containing:
   - Vitamin C for immune support
   - B-Complex vitamins for energy
   - Magnesium for muscle relaxation
   - Calcium for bone health
   - B12 for metabolism

2. Immune Boost - High-dose vitamin C and zinc to prevent or fight colds and flu

3. Energy & Focus - B vitamins and amino acids to combat fatigue and improve mental clarity

4. Athletic Performance - Amino acids and nutrients to rebuild muscles and speed recovery

5. Fat Burner - Nutrients that boost metabolism and help burn fat more efficiently

Benefits of IV Therapy:
- 100% absorption (vs. 20-30% with oral supplements)
- Immediate effects
- Hydration benefits
- Customizable formulations
- Safe and effective

Who Can Benefit:
- Anyone feeling fatigued or run down
- Athletes looking to optimize performance
- People with nutrient deficiencies
- Those recovering from illness
- Individuals seeking wellness optimization

Treatments typically take 30-45 minutes and you can return to normal activities immediately. Many patients report feeling energized and refreshed within hours of treatment.","","Journal of Alternative and Complementary Medicine, Nutrition Journal, American College of Nutrition","2026-01-03","true","","","","6959545a81309ba9100b69f9","2026-01-03T17:39:38.246000","2026-01-03T17:39:38.246000","695939a556b8082002a35a69","renukajackson1@gmail.com","false"
"Medication Education","Medical Weight Loss: A Comprehensive Approach","","Learn about medically supervised weight loss programs and how they differ from traditional dieting.","Medically supervised weight loss programs offer a comprehensive, science-based approach to achieving and maintaining a healthy weight. Unlike fad diets, these programs are tailored to your individual needs and monitored by healthcare professionals.

Why Medical Weight Loss is Different:

1. Personalized Assessment:
   - Complete medical history and physical exam
   - Blood work to check hormones, thyroid, metabolism
   - Body composition analysis
   - Metabolic rate testing
   - Nutritional assessment

2. Root Cause Analysis:
   Many factors can contribute to weight gain:
   - Hormonal imbalances (thyroid, cortisol, insulin, sex hormones)
   - Metabolic dysfunction
   - Nutritional deficiencies
   - Medications
   - Sleep disorders
   - Stress
   - Genetic factors

3. Comprehensive Treatment Plan:
   - Customized nutrition plan (not a one-size-fits-all diet)
   - Prescription medications when appropriate (appetite suppressants, metabolic enhancers)
   - Hormone optimization if needed
   - Vitamin and nutrient supplementation
   - Exercise recommendations
   - Behavioral counseling
   - Regular monitoring and adjustments

4. Advanced Options:
   - Lipotropic injections (fat-burning nutrients)
   - IV therapy for metabolism boost
   - Body contouring procedures
   - GLP-1 medications (like Semaglutide/Ozempic)

Benefits of Medical Supervision:
- Faster, more sustainable results
- Addresses underlying health issues
- Safe use of prescription medications
- Professional guidance and accountability
- Regular monitoring of health markers
- Long-term weight maintenance strategies

What to Expect:
Most patients lose 1-2 pounds per week safely and sustainably. The program teaches you healthy habits that last a lifetime, not just quick fixes. Regular follow-up appointments ensure you're progressing safely and making necessary adjustments.

Medical weight loss is ideal for anyone who has struggled with traditional diets, has underlying health issues affecting weight, or wants professional support to achieve their goals safely and effectively.","","Obesity Medicine Association, American Board of Obesity Medicine, Journal of Obesity, New England Journal of Medicine","2026-01-03","false","","","","6959545a81309ba9100b69fd","2026-01-03T17:39:38.246000","2026-01-03T17:39:38.246000","695939a556b8082002a35a69","renukajackson1@gmail.com","false"
"Hormone Replacement Therapy","Growth Hormone Stimulating Peptide Therapy","","Learn how peptide therapy can restore growth hormone production to help you feel younger and fight aging.","Growth Hormone Stimulating Peptide Therapy (including Sermorelin, Ipamorelin, and CJC1295) is an advanced treatment that stimulates your body's natural production of growth hormone.

As we age, growth hormone production naturally declines, leading to symptoms such as:
- Decreased muscle mass and strength
- Increased body fat
- Reduced energy levels
- Poor sleep quality
- Slower recovery from exercise
- Thinning skin and wrinkles
- Decreased bone density

How Peptide Therapy Works:
Peptides are short chains of amino acids that signal your pituitary gland to produce more growth hormone naturally. Unlike synthetic growth hormone injections, peptide therapy stimulates your body's own production, which is safer and more natural.

Benefits of Peptide Therapy:
- Increased lean muscle mass
- Enhanced fat metabolism
- Improved energy and stamina
- Better sleep quality
- Faster recovery from exercise
- Improved skin elasticity
- Stronger bones
- Enhanced cognitive function

Peptide therapy is an excellent complement to bioidentical hormone replacement therapy or testosterone therapy. The combination provides comprehensive anti-aging benefits and helps restore your vitality.","","Journal of Clinical Endocrinology & Metabolism, Age and Ageing Journal, Endocrine Society Guidelines","2026-01-03","true","","","","6959545a81309ba9100b69f8","2026-01-03T17:39:38.245000","2026-01-03T17:39:38.245000","695939a556b8082002a35a69","renukajackson1@gmail.com","false"
"Gynecology","Vaginal Rejuvenation: What You Need to Know","","An overview of vaginal rejuvenation procedures and their benefits for women's health.","Vaginal rejuvenation encompasses various procedures designed to improve vaginal health, function, and appearance. These treatments can address issues such as vaginal laxity, dryness, urinary incontinence, and decreased sexual satisfaction.

CO2 laser treatments work by stimulating collagen production in the vaginal tissue, which helps restore elasticity and moisture. The procedure is typically performed in-office and requires minimal downtime.

Benefits may include improved vaginal tone, enhanced sexual satisfaction, reduced urinary incontinence, and relief from vaginal dryness. Most patients require a series of 2-3 treatments for optimal results.","","International Society for the Study of Women's Sexual Health, Journal of Women's Health","2025-12-28","false","","","","695953c738b9830858e50feb","2026-01-03T17:37:11.552000","2026-01-24T18:37:06.874000","695939a556b8082002a35a69","renukajackson1@gmail.com","false"
"Mens Health","Testosterone Replacement Therapy for Men","","Understanding low testosterone and how TRT can help restore vitality and health.","Testosterone is a crucial hormone for men's health, affecting energy levels, muscle mass, bone density, mood, and sexual function. As men age, testosterone levels naturally decline, sometimes leading to symptoms of low testosterone (hypogonadism).

Symptoms of low testosterone include fatigue, decreased muscle mass, weight gain, reduced libido, erectile dysfunction, mood changes, and difficulty concentrating.

Testosterone Replacement Therapy (TRT) can help restore testosterone to normal levels through injections, gels, patches, or pellets. Regular monitoring is essential to ensure proper dosing and to check for potential side effects.","","American Urological Association, The Journal of Clinical Endocrinology & Metabolism","2026-01-02","false","","","","695953c738b9830858e50fec","2026-01-03T17:37:11.552000","2026-01-03T17:37:11.552000","695939a556b8082002a35a69","renukajackson1@gmail.com","false"
"Medication Education","Understanding Hormone Pellet Therapy","","Learn how hormone pellets work and what to expect from this treatment.","Hormone pellet therapy involves the insertion of small, bioidentical hormone pellets under the skin, typically in the hip area. These pellets are about the size of a grain of rice and release hormones consistently over 3-6 months.

The procedure is performed in-office under local anesthesia and takes only a few minutes. The pellets dissolve naturally and don't need to be removed.

Advantages of pellet therapy include consistent hormone levels without daily medication, no risk of transfer to others, and long-lasting effects. Most patients report feeling improvements within 2-4 weeks of insertion.","","BioTE Medical, Journal of Hormone Research","2025-12-30","false","","","","695953c738b9830858e50fed","2026-01-03T17:37:11.552000","2026-01-03T17:37:11.552000","695939a556b8082002a35a69","renukajackson1@gmail.com","false"
"Hormone Replacement Therapy","Understanding Bioidentical Hormone Replacement Therapy","","Learn about bioidentical hormones and how they can help manage symptoms of hormonal imbalance.","<p>Bioidentical Hormone Replacement Therapy (BHRT) uses hormones that are chemically identical to those produced by the human body. Unlike synthetic hormones, bioidentical hormones are derived from plant sources and are designed to match your body's natural hormones exactly. </p><p>Common symptoms of hormonal imbalance include fatigue, weight gain, mood changes, hot flashes, night sweats, and decreased libido. BHRT can help alleviate these symptoms by restoring hormonal balance. BHRT is available in various forms including pellets, creams, patches, and injections. Your healthcare provider will work with you to determine the best delivery method based on your individual needs.</p>","","American College of Obstetricians and Gynecologists (ACOG), The Endocrine Society","2026-01-01","true","","","","695953c738b9830858e50fea","2026-01-03T17:37:11.552000","2026-01-24T18:34:46.182000","695939a556b8082002a35a69","renukajackson1@gmail.com","false"
"Medication Education","Birth Control Methods Overview","","A comprehensive guide to different birth control options available.","There are many birth control methods available. The right choice depends on your health, lifestyle, and family planning goals.

Hormonal Methods:

1. Birth Control Pills
- 91-99% effective with perfect use
- Taken daily at the same time
- Can help regulate periods and reduce acne

2. Birth Control Patch
- Applied weekly
- Similar effectiveness to pills
- Convenient option

3. Vaginal Ring
- Inserted monthly
- Releases hormones continuously
- 91-99% effective

4. Birth Control Shot (Depo-Provera)
- Given every 3 months
- 94-99% effective
- May cause irregular periods

5. Implant (Nexplanon)
- Small rod inserted in arm
- Lasts up to 3 years
- Over 99% effective

Long-Acting Reversible Contraceptives (LARCs):

1. Hormonal IUD (Mirena, Kyleena, Skyla)
- 3-7 years depending on type
- Over 99% effective
- May reduce or eliminate periods

2. Copper IUD (Paragard)
- Lasts up to 10 years
- Hormone-free option
- Over 99% effective

Barrier Methods:
- Condoms (male and female)
- Diaphragm
- Cervical cap

Permanent Methods:
- Tubal ligation (women)
- Vasectomy (men)

Discuss with your healthcare provider to determine the best option for you.","","Planned Parenthood
American College of Obstetricians and Gynecologists
CDC Contraceptive Guidance","2024-12-05","","","","","69593d53c98b3add2b7ee774","2026-01-03T16:01:23.411000","2026-01-03T16:01:23.411000","695939a556b8082002a35a69","renukajackson1@gmail.com","false"
"Mens Health","Testosterone Replacement Therapy (TRT)","","Understanding low testosterone and testosterone replacement therapy options for men.","Testosterone Replacement Therapy (TRT) is a medical treatment for men with clinically low testosterone levels (hypogonadism).

What is Low Testosterone?
Testosterone is the primary male sex hormone. Levels naturally decline with age, but some men experience abnormally low levels that cause symptoms.

Symptoms of Low Testosterone:
- Decreased sex drive
- Erectile dysfunction
- Fatigue and low energy
- Loss of muscle mass
- Increased body fat
- Mood changes and irritability
- Difficulty concentrating
- Decreased bone density

Diagnosis:
Blood tests measuring total and free testosterone levels, typically performed in the morning when levels are highest.

TRT Options:
1. Injections (weekly or bi-weekly)
2. Topical gels (daily application)
3. Patches (daily application)
4. Pellets (implanted every 3-6 months)
5. Oral medications

Benefits:
- Improved energy and mood
- Increased muscle mass and strength
- Enhanced libido and sexual function
- Better bone density
- Improved cognitive function

Monitoring:
Regular blood tests and follow-up appointments to monitor testosterone levels, red blood cell counts, and prostate health.","","American Urological Association (AUA)
Endocrine Society Practice Guidelines
Medscape: Testosterone Replacement Therapy","2024-11-20","","","","","69593d53c98b3add2b7ee773","2026-01-03T16:01:23.411000","2026-01-03T16:01:23.411000","695939a556b8082002a35a69","renukajackson1@gmail.com","false"
"Hormone Replacement Therapy","Hormone Replacement Therapy (HRT) Basics","","Essential information about hormone replacement therapy for menopause symptoms.","Hormone Replacement Therapy (HRT) involves taking medications containing female hormones to replace the ones the body no longer makes after menopause.

What is HRT?
HRT replaces estrogen and sometimes progesterone that your body stops making during menopause. It's the most effective treatment for menopausal symptoms.

Benefits:
- Relief from hot flashes and night sweats
- Improved sleep quality
- Reduced vaginal dryness and discomfort
- Protection against bone loss (osteoporosis)
- Improved mood and cognitive function

Types of HRT:
1. Estrogen-only therapy (ET)
2. Combined estrogen-progestogen therapy (EPT)
3. Bioidentical hormones

Delivery Methods:
- Pills
- Skin patches
- Gels and sprays
- Vaginal creams or tablets
- Pellets

Risks and Considerations:
- Slightly increased risk of blood clots
- Potential breast cancer risk with long-term use
- Individual assessment required

Monitoring:
Regular follow-up appointments are essential to monitor your response to therapy and adjust dosing as needed.","","North American Menopause Society (NAMS)
Medscape: Hormone Replacement Therapy
The Endocrine Society Clinical Practice Guidelines","2024-11-15","","","","","69593d53c98b3add2b7ee772","2026-01-03T16:01:23.411000","2026-01-03T16:01:23.411000","695939a556b8082002a35a69","renukajackson1@gmail.com","false"